time,hka,mldfa,mpta,jlca,delta,mldta
0.0,172.22,114.08,71.901,-34.399,0.0,150.749
0.01,172.196,114.066,71.906,-34.356,7.105427357601002e-15,150.726
0.02,172.191,114.07,71.908,-34.353,7.105427357601002e-15,150.718
0.03,172.18,114.069,71.909,-34.34,0.0,150.714
0.04,172.173,114.066,71.909,-34.329,-0.0009999999999976694,150.715
0.05,172.167,114.066,71.907,-34.326,-7.105427357601002e-15,150.722
0.06,172.175,114.115,71.908,-34.383,0.0009999999999976694,150.705
0.07,172.167,114.109,71.906,-34.37,7.105427357601002e-15,150.714
0.08,172.152,114.102,71.91,-34.344,7.105427357601002e-15,150.702
0.09,172.155,114.098,71.908,-34.345,0.0,150.712
0.1,172.143,114.077,71.909,-34.311,7.105427357601002e-15,150.72
0.11,172.136,114.083,71.909,-34.31,1.4210854715202004e-14,150.714
0.12,172.126,114.084,71.911,-34.298,-0.0010000000000047748,150.705
0.13,172.128,114.122,71.909,-34.34,-0.0009999999999763531,150.705
0.14,172.125,114.125,71.91,-34.34,0.0,150.699
0.15,172.119,114.134,71.911,-34.342,0.0,150.69
0.16,172.107,114.123,71.911,-34.319,0.0,150.697
0.17,172.094,114.144,71.915,-34.323,7.105427357601002e-15,150.673
0.18,172.06,114.165,71.925,-34.3,-1.4210854715202004e-14,150.612
0.19,172.047,114.165,71.929,-34.283,0.0,150.591
0.2,172.051,114.173,71.926,-34.298,1.4210854715202004e-14,150.608
0.21,172.04,114.182,71.926,-34.295,-0.000999999999990564,150.602
0.22,172.042,114.198,71.928,-34.312,0.0,150.59
0.23,172.027,114.19,71.93,-34.286,-0.0009999999999763531,150.585
0.24,172.017,114.199,71.929,-34.287,7.105427357601002e-15,150.582
0.25,172.002,114.216,71.931,-34.287,-7.105427357601002e-15,150.575
0.26,171.98,114.211,71.931,-34.26,7.105427357601002e-15,150.575
0.27,171.958,114.216,71.934,-34.24,7.105427357601002e-15,150.566
0.28,171.926,114.203,71.939,-34.19,0.0,150.551
0.29,171.905,114.194,71.938,-34.16,-0.0010000000000047748,150.556
0.3,171.896,114.195,71.941,-34.15,2.1316282072803006e-14,150.555
0.31,171.869,114.192,71.942,-34.12,0.0009999999999976694,150.553
0.32,171.876,114.215,71.941,-34.15,-7.105427357601002e-15,150.558
0.33,171.85,114.235,71.94,-34.145,7.105427357601002e-15,150.552
0.34,171.827,114.252,71.945,-34.134,0.0,150.528
0.35,171.819,114.238,71.942,-34.115,7.105427357601002e-15,150.544
0.36,171.79,114.258,71.95,-34.098,1.4210854715202004e-14,150.501
0.37,171.771,114.219,71.949,-34.04,-0.0009999999999834586,150.516
0.38,171.77,114.254,71.95,-34.075,0.000999999999990564,150.505
0.39,171.751,114.244,71.952,-34.043,-7.105427357601002e-15,150.502
0.4,171.763,114.243,71.947,-34.059,0.0,150.524
0.41,171.76,114.272,71.947,-34.085,7.105427357601002e-15,150.527
0.42,171.77,114.266,71.943,-34.093,-1.4210854715202004e-14,150.543
0.43,171.755,114.274,71.949,-34.08,0.0,150.515
0.44,171.76,114.256,71.949,-34.067,7.105427357601002e-15,150.518
0.45,171.754,114.266,71.949,-34.071,0.0,150.516
0.46,171.749,114.277,71.955,-34.072,0.0010000000000047748,150.479
0.47,171.749,114.259,71.954,-34.055,0.0009999999999976694,150.487
0.48,171.756,114.261,71.952,-34.065,0.0,150.496
0.49,171.773,114.249,71.95,-34.072,1.4210854715202004e-14,150.502
0.5,171.786,114.253,71.95,-34.089,0.0,150.509
0.51,171.787,114.246,71.948,-34.085,-7.105427357601002e-15,150.514
0.52,171.769,114.265,71.953,-34.081,0.0,150.485
0.53,171.757,114.303,71.954,-34.106,-7.105427357601002e-15,150.454
0.54,171.731,114.345,71.959,-34.117,7.105427357601002e-15,150.415
0.55,171.702,114.365,71.961,-34.106,7.105427357601002e-15,150.398
0.56,171.673,114.388,71.965,-34.096,-7.105427357601002e-15,150.371
0.57,171.666,114.408,71.964,-34.111,0.0009999999999976694,150.373
0.58,171.673,114.398,71.961,-34.111,0.0009999999999976694,150.407
0.59,171.689,114.43,71.958,-34.161,0.0,150.433
0.6,171.699,114.478,71.956,-34.222,0.0009999999999976694,150.441
0.61,171.696,114.514,71.959,-34.251,7.105427357601002e-15,150.426
0.62,171.692,114.535,71.96,-34.268,0.000999999999990564,150.412
0.63,171.697,114.533,71.961,-34.269,-7.105427357601002e-15,150.416
0.64,171.719,114.573,71.957,-34.335,7.105427357601002e-15,150.417
0.65,171.714,114.636,71.962,-34.387,-0.000999999999990564,150.372
0.66,171.731,114.683,71.965,-34.449,0.0,150.338
0.67,171.761,114.708,71.967,-34.502,7.105427357601002e-15,150.315
0.68,171.795,114.726,71.966,-34.555,7.105427357601002e-15,150.302
0.69,171.824,114.728,71.963,-34.589,-1.4210854715202004e-14,150.296
0.7,171.865,114.696,71.96,-34.6,-0.0010000000000118803,150.308
0.71,171.883,114.701,71.959,-34.624,-0.0009999999999976694,150.301
0.72,171.927,114.697,71.955,-34.668,-0.0009999999999976694,150.319
0.73,171.972,114.719,71.952,-34.739,-7.105427357601002e-15,150.336
0.74,172.016,114.73,71.948,-34.798,0.0,150.354
0.75,172.023,114.724,71.954,-34.793,-7.105427357601002e-15,150.333
0.76,172.054,114.72,71.958,-34.816,0.0,150.331
0.77,172.079,114.698,71.951,-34.827,0.000999999999990564,150.372
0.78,172.119,114.669,71.953,-34.835,7.105427357601002e-15,150.373
0.79,172.191,114.634,71.951,-34.873,-0.0010000000000118803,150.388
0.8,172.252,114.656,71.947,-34.96,-0.0010000000000118803,150.402
0.81,172.321,114.665,71.946,-35.04,-7.105427357601002e-15,150.411
0.82,172.381,114.658,71.949,-35.091,0.0009999999999976694,150.406
0.83,172.47,114.657,71.946,-35.181,0.0,150.437
0.84,172.494,114.705,71.971,-35.228,7.105427357601002e-15,150.321
0.85,172.553,114.693,71.969,-35.277,0.0,150.334
0.86,172.597,114.67,71.971,-35.295,-0.0010000000000047748,150.341
0.87,172.68,114.666,71.969,-35.377,-7.105427357601002e-15,150.367
0.88,172.786,114.669,71.964,-35.491,0.0,150.4
0.89,172.939,114.693,71.957,-35.675,0.0,150.445
0.9,173.119,114.684,71.951,-35.852,-7.105427357601002e-15,150.496
0.91,173.335,114.693,71.943,-36.085,-7.105427357601002e-15,150.544
0.92,173.575,114.558,72.068,-36.066,0.0010000000000047748,150.583
0.93,173.756,114.431,72.159,-36.028,7.105427357601002e-15,150.594
0.94,173.924,114.309,72.24,-35.994,0.000999999999990564,150.59
0.95,174.055,114.215,72.319,-35.951,-7.105427357601002e-15,150.569
0.96,174.146,114.138,72.327,-35.957,7.105427357601002e-15,150.588
0.97,174.245,114.064,72.354,-35.956,0.0010000000000047748,150.618
0.98,174.36,113.984,72.411,-35.932,-0.0010000000000047748,150.635
0.99,174.514,113.884,72.5,-35.898,-7.105427357601002e-15,150.663
1.0,174.654,113.793,72.556,-35.891,-7.105427357601002e-15,150.717
1.01,174.8,113.696,72.61,-35.886,-7.105427357601002e-15,150.769
1.02,174.962,113.581,72.682,-35.861,7.105427357601002e-15,150.782
1.03,175.153,113.437,72.737,-35.853,7.105427357601002e-15,150.831
1.04,175.331,113.299,72.808,-35.823,0.0010000000000118803,150.83
1.05,175.511,113.17,72.906,-35.776,0.0010000000000118803,150.806
1.06,175.694,113.038,72.968,-35.764,2.1316282072803006e-14,150.833
1.07,175.866,112.914,73.049,-35.731,-7.105427357601002e-15,150.828
1.08,176.095,112.772,73.219,-35.648,-7.105427357601002e-15,150.827
1.09,176.351,112.596,73.31,-35.637,0.0,150.946
1.1,176.646,112.393,73.405,-35.635,0.0010000000000118803,151.111
1.11,176.958,112.177,73.505,-35.63,-7.105427357601002e-15,151.279
1.12,177.258,111.954,73.565,-35.647,-7.105427357601002e-15,151.452
1.13,177.573,111.739,73.676,-35.635,-0.0010000000000118803,151.608
1.14,177.85,111.548,73.764,-35.634,0.0,151.743
1.15,178.101,111.373,73.873,-35.6,-0.0009999999999976694,151.813
1.16,178.307,111.226,73.97,-35.564,0.0010000000000118803,151.848
1.17,178.497,111.107,74.087,-35.517,-7.105427357601002e-15,151.848
1.18,178.671,110.981,74.194,-35.459,0.0010000000000189857,151.808
1.19,178.83,110.862,74.276,-35.415,-0.0010000000000118803,151.776
1.2,178.969,110.762,74.354,-35.376,-0.0009999999999976694,151.743
1.21,179.089,110.664,74.403,-35.35,7.105427357601002e-15,151.721
1.22,179.238,110.553,74.459,-35.333,0.0010000000000047748,151.745
1.23,179.366,110.459,74.508,-35.317,-2.1316282072803006e-14,151.77
1.24,179.472,110.376,74.522,-35.325,-0.0010000000000047748,151.824
1.25,179.57,110.303,74.547,-35.326,7.105427357601002e-15,151.874
1.26,179.677,110.226,74.564,-35.339,0.0,151.95
1.27,179.749,110.167,74.566,-35.35,7.105427357601002e-15,152.014
1.28,179.803,110.124,74.565,-35.362,7.105427357601002e-15,152.071
1.29,179.848,110.086,74.554,-35.38,-7.105427357601002e-15,152.137
1.3,179.846,110.06,74.483,-35.423,0.0,152.197
1.31,179.828,110.063,74.432,-35.459,0.0,152.261
1.32,179.806,110.073,74.402,-35.477,-7.105427357601002e-15,152.299
1.33,179.771,110.09,74.351,-35.51,7.105427357601002e-15,152.354
1.34,179.732,110.119,74.316,-35.535,0.0,152.4
1.35,179.701,110.139,74.284,-35.556,1.4210854715202004e-14,152.442
1.36,179.673,110.16,74.259,-35.573,-0.0009999999999976694,152.486
1.37,179.667,110.158,74.228,-35.597,-7.105427357601002e-15,152.539
1.38,179.631,110.169,74.17,-35.63,7.105427357601002e-15,152.568
1.39,179.619,110.176,74.102,-35.692,-0.0009999999999976694,152.647
1.4,179.598,110.188,74.146,-35.64,-1.4210854715202004e-14,152.561
1.41,179.555,110.216,74.153,-35.618,7.105427357601002e-15,152.496
1.42,179.538,110.226,74.143,-35.62,-0.0010000000000118803,152.476
1.43,179.508,110.246,74.137,-35.617,-7.105427357601002e-15,152.447
1.44,179.44,110.293,74.116,-35.617,-7.105427357601002e-15,152.402
1.45,179.389,110.324,74.081,-35.633,0.0009999999999976694,152.394
1.46,179.308,110.368,74.017,-35.659,7.105427357601002e-15,152.392
1.47,179.215,110.428,73.972,-35.671,-7.105427357601002e-15,152.375
1.48,179.112,110.495,73.899,-35.707,-0.0009999999999976694,152.4
1.49,178.993,110.567,73.757,-35.803,1.4210854715202004e-14,152.487
1.5,178.839,110.664,73.711,-35.792,0.0,152.418
1.51,178.685,110.769,73.561,-35.894,0.0009999999999976694,152.505
1.52,178.522,110.881,73.538,-35.865,7.105427357601002e-15,152.422
1.53,178.337,110.993,73.413,-35.917,1.4210854715202004e-14,152.424
1.54,178.131,111.128,73.246,-36.013,-7.105427357601002e-15,152.481
1.55,177.861,111.298,73.036,-36.123,7.105427357601002e-15,152.515
1.56,177.597,111.477,72.938,-36.136,-7.105427357601002e-15,152.442
1.57,177.305,111.673,72.779,-36.199,-1.4210854715202004e-14,152.417
1.58,176.993,111.887,72.572,-36.308,7.105427357601002e-15,152.453
1.59,176.749,112.064,72.453,-36.36,1.4210854715202004e-14,152.475
1.6,176.493,112.259,72.294,-36.458,0.0,152.557
1.61,176.299,112.405,72.164,-36.54,-7.105427357601002e-15,152.65
1.62,176.097,112.553,72.027,-36.623,-7.105427357601002e-15,152.716
1.63,175.95,112.658,71.95,-36.659,0.0010000000000118803,152.728
1.64,175.758,112.8,71.899,-36.659,-7.105427357601002e-15,152.655
1.65,175.574,112.927,71.852,-36.649,-1.4210854715202004e-14,152.54
1.66,175.381,113.067,71.789,-36.66,0.0010000000000047748,152.447
1.67,175.142,113.229,71.691,-36.681,0.0010000000000047748,152.328
1.68,174.967,113.325,71.664,-36.628,-1.4210854715202004e-14,152.248
1.69,174.776,113.371,71.675,-36.472,-7.105427357601002e-15,152.187
1.7,174.568,113.35,71.68,-36.239,0.0009999999999976694,152.174
1.71,174.349,113.351,71.69,-36.009,-0.000999999999990564,152.129
1.72,174.127,113.325,71.685,-35.766,-0.0010000000000118803,152.15
1.73,173.869,113.293,71.687,-35.475,-7.105427357601002e-15,152.143
1.74,173.596,113.266,71.686,-35.176,0.0,152.133
1.75,173.312,113.226,71.676,-34.862,-7.105427357601002e-15,152.183
1.76,173.032,113.252,71.7,-34.584,0.0,152.067
1.77,172.779,113.264,71.703,-34.341,0.0010000000000118803,152.055
1.78,172.524,113.278,71.723,-34.079,-7.105427357601002e-15,151.97
1.79,172.243,113.286,71.742,-33.787,7.105427357601002e-15,151.889
1.8,171.975,113.205,71.72,-33.46,7.105427357601002e-15,151.984
1.81,171.726,113.188,71.719,-33.195,-7.105427357601002e-15,151.991
1.82,171.448,113.173,71.723,-32.898,-7.105427357601002e-15,151.968
1.83,171.207,113.246,71.745,-32.709,0.0010000000000189857,151.858
1.84,170.939,113.279,71.75,-32.468,1.4210854715202004e-14,151.806
1.85,170.747,113.341,71.764,-32.324,-1.4210854715202004e-14,151.734
1.86,170.571,113.429,71.78,-32.22,0.0,151.662
1.87,170.409,113.461,71.791,-32.079,7.105427357601002e-15,151.65
1.88,170.278,113.475,71.792,-31.962,0.001000000000015433,151.673
1.89,170.151,113.447,71.786,-31.812,-1.0658141036401503e-14,151.736
1.9,169.988,113.409,71.788,-31.609,-7.105427357601002e-15,151.755
1.91,169.85,113.42,71.793,-31.477,1.0658141036401503e-14,151.76
1.92,169.661,113.454,71.81,-31.306,0.0010000000000083276,151.693
1.93,169.503,113.482,71.822,-31.163,1.7763568394002505e-14,151.644
1.94,169.326,113.539,71.836,-31.029,3.552713678800501e-15,151.578
1.95,169.154,113.56,71.841,-30.873,-3.552713678800501e-15,151.562
1.96,168.99,113.569,71.842,-30.717,-1.4210854715202004e-14,151.583
1.97,168.892,113.531,71.826,-30.596,-0.0010000000000083276,151.701
1.98,168.76,113.502,71.814,-30.448,7.105427357601002e-15,151.807
1.99,168.633,113.475,71.808,-30.3,3.552713678800501e-15,151.879
2.0,168.495,113.506,71.811,-30.19,3.552713678800501e-15,151.889
2.01,168.324,113.547,71.822,-30.048,-0.0010000000000083276,151.847
2.02,168.136,113.578,71.841,-29.873,-3.552713678800501e-15,151.763
2.03,167.96,113.648,71.863,-29.744,-0.0010000000000047748,151.645
2.04,167.851,113.749,71.887,-29.713,7.105427357601002e-15,151.519
2.05,167.748,113.81,71.905,-29.654,0.0010000000000083276,151.432
2.06,167.678,113.83,71.911,-29.597,7.105427357601002e-15,151.393
2.07,167.625,113.811,71.914,-29.522,-7.105427357601002e-15,151.398
2.08,167.602,113.841,71.914,-29.529,3.552713678800501e-15,151.392
2.09,167.588,113.864,71.91,-29.542,0.0,151.405
2.1,167.597,113.885,71.907,-29.575,-1.7763568394002505e-14,151.417
2.11,167.6,113.902,71.905,-29.597,7.105427357601002e-15,151.433
2.12,167.62,113.862,71.895,-29.588,0.0009999999999976694,151.49
2.13,167.67,113.823,71.883,-29.61,1.4210854715202004e-14,151.555
2.14,167.758,113.818,71.865,-29.71,-0.0010000000000118803,151.638
2.15,167.841,113.799,71.853,-29.786,-0.0010000000000189857,151.701
2.16,167.92,113.817,71.847,-29.889,-0.0009999999999870113,151.724
2.17,167.982,113.774,71.847,-29.909,-7.105427357601002e-15,151.724
2.18,168.069,113.771,71.845,-29.996,0.0010000000000083276,151.722
2.19,168.139,113.781,71.848,-30.072,-1.7763568394002505e-14,151.695
2.2,168.247,113.784,71.838,-30.193,-2.4868995751603507e-14,151.73
2.21,168.304,113.764,71.84,-30.229,0.0010000000000047748,151.719
2.22,168.402,113.735,71.826,-30.311,7.105427357601002e-15,151.794
2.23,168.509,113.729,71.81,-30.428,1.7763568394002505e-14,151.874
2.24,168.598,113.701,71.797,-30.503,0.000999999999990564,151.956
2.25,168.697,113.667,71.778,-30.585,-0.0009999999999976694,152.07
2.26,168.808,113.637,71.761,-30.683,-0.0009999999999976694,152.175
2.27,168.891,113.605,71.742,-30.754,1.0658141036401503e-14,152.278
2.28,168.952,113.597,71.737,-30.812,3.552713678800501e-15,152.326
2.29,169.045,113.552,71.725,-30.872,0.0,152.405
2.3,169.155,113.508,71.705,-30.959,0.0010000000000012221,152.522
2.31,169.254,113.485,71.695,-31.044,3.552713678800501e-15,152.587
2.32,169.353,113.484,71.689,-31.148,-1.0658141036401503e-14,152.608
2.33,169.444,113.502,71.686,-31.26,2.4868995751603507e-14,152.596
2.34,169.563,113.518,71.68,-31.401,1.7763568394002505e-14,152.6
2.35,169.725,113.539,71.671,-31.593,1.0658141036401503e-14,152.622
2.36,169.909,113.518,71.65,-31.777,1.4210854715202004e-14,152.714
2.37,170.135,113.487,71.626,-31.995,-0.0009999999999799059,152.826
2.38,170.42,113.493,71.594,-32.319,1.4210854715202004e-14,152.972
2.39,170.703,113.536,71.571,-32.668,-7.105427357601002e-15,153.065
2.4,170.953,113.64,71.564,-33.029,-7.105427357601002e-15,153.074
2.41,171.204,113.71,71.555,-33.36,0.0010000000000047748,153.079
2.42,171.429,113.783,71.554,-33.658,0.0,153.058
2.43,171.702,113.806,71.536,-33.972,7.105427357601002e-15,153.122
2.44,171.985,113.842,71.525,-34.301,-0.0010000000000047748,153.169
2.45,172.296,113.853,71.514,-34.636,0.0010000000000118803,153.215
2.46,172.59,113.864,71.502,-34.952,-1.4210854715202004e-14,153.254
2.47,172.894,113.908,71.495,-35.307,0.0,153.261
2.48,173.163,113.999,71.507,-35.654,-0.0009999999999976694,153.165
2.49,173.442,114.073,71.514,-36.002,0.0009999999999976694,153.103
2.5,173.761,114.129,71.518,-36.373,0.0009999999999976694,153.065
2.51,174.079,114.146,71.5,-36.725,-7.105427357601002e-15,153.121
2.52,174.408,114.124,71.566,-36.966,2.1316282072803006e-14,153.115
2.53,174.718,113.91,71.814,-36.814,7.105427357601002e-15,153.044
2.54,175.041,113.698,71.968,-36.771,1.4210854715202004e-14,153.124
2.55,175.37,113.496,72.253,-36.613,0.0,153.06
2.56,175.676,113.29,72.386,-36.58,0.0,153.132
2.57,175.947,113.094,72.535,-36.506,0.0,153.121
2.58,176.214,112.92,72.728,-36.407,0.000999999999990564,153.068
2.59,176.455,112.743,72.859,-36.339,-1.4210854715202004e-14,153.03
2.6,176.665,112.568,72.93,-36.303,1.4210854715202004e-14,153.021
2.61,176.867,112.414,72.976,-36.304,-0.000999999999990564,153.077
2.62,177.017,112.288,73.003,-36.302,7.105427357601002e-15,153.106
2.63,177.167,112.178,73.109,-36.237,0.0009999999999976694,153.076
2.64,177.281,112.079,73.053,-36.306,-0.0010000000000047748,153.198
2.65,177.404,111.972,73.075,-36.301,1.4210854715202004e-14,153.226
2.66,177.514,111.86,73.111,-36.264,0.0009999999999976694,153.2
2.67,177.729,111.7,73.161,-36.268,-1.4210854715202004e-14,153.305
2.68,177.921,111.553,73.205,-36.269,7.105427357601002e-15,153.377
2.69,178.144,111.391,73.291,-36.244,-1.4210854715202004e-14,153.426
2.7,178.361,111.245,73.4,-36.205,-0.000999999999990564,153.452
2.71,178.517,111.121,73.47,-36.167,-0.000999999999990564,153.427
2.72,178.674,111.023,73.605,-36.093,0.0010000000000047748,153.377
2.73,178.818,110.912,73.695,-36.036,0.0009999999999763531,153.329
2.74,178.949,110.826,73.772,-36.003,0.0,153.332
2.75,179.059,110.739,73.801,-35.997,0.0,153.356
2.76,179.179,110.659,73.845,-35.993,-7.105427357601002e-15,153.401
2.77,179.283,110.585,73.887,-35.981,2.1316282072803006e-14,153.425
2.78,179.395,110.511,73.947,-35.959,0.0,153.442
2.79,179.509,110.435,74.0,-35.943,-0.000999999999990564,153.467
2.8,179.59,110.394,74.072,-35.912,-7.105427357601002e-15,153.46
2.81,179.63,110.36,74.095,-35.894,-0.0009999999999976694,153.422
2.82,179.685,110.313,74.099,-35.899,0.0,153.431
2.83,179.719,110.297,74.143,-35.872,-0.000999999999990564,153.402
2.84,179.735,110.28,74.174,-35.841,-7.105427357601002e-15,153.351
2.85,179.778,110.242,74.143,-35.876,-0.0009999999999976694,153.429
2.86,179.804,110.219,74.127,-35.895,-0.0009999999999976694,153.474
2.87,179.843,110.193,74.117,-35.918,-0.0009999999999834586,153.551
2.88,179.872,110.164,74.098,-35.939,0.0009999999999834586,153.61
2.89,179.908,110.137,74.091,-35.954,7.105427357601002e-15,153.669
2.9,179.92,110.122,74.069,-35.974,0.0010000000000118803,153.71
2.91,179.934,110.109,74.075,-35.968,1.4210854715202004e-14,153.715
2.92,179.941,110.108,74.086,-35.963,-7.105427357601002e-15,153.713
2.93,179.927,110.11,74.082,-35.955,0.0,153.672
2.94,179.912,110.108,74.056,-35.964,-1.4210854715202004e-14,153.661
2.95,179.888,110.119,74.03,-35.977,-7.105427357601002e-15,153.665
2.96,179.875,110.126,74.012,-35.989,-7.105427357601002e-15,153.684
2.97,179.863,110.132,73.991,-36.004,-7.105427357601002e-15,153.706
2.98,179.855,110.13,73.959,-36.027,0.0010000000000189857,153.75
2.99,179.859,110.128,73.942,-36.045,-1.4210854715202004e-14,153.801
3.0,179.856,110.135,73.907,-36.084,0.0,153.879
3.01,179.862,110.123,73.895,-36.091,0.0009999999999976694,153.891
3.02,179.839,110.141,73.908,-36.072,0.0,153.852
3.03,179.815,110.165,73.924,-36.057,0.0010000000000047748,153.816
3.04,179.774,110.189,73.916,-36.047,0.0,153.76
3.05,179.747,110.206,73.914,-36.039,-1.4210854715202004e-14,153.726
3.06,179.736,110.214,73.908,-36.041,-0.000999999999990564,153.722
3.07,179.732,110.229,73.927,-36.034,7.105427357601002e-15,153.732
3.08,179.73,110.235,73.922,-36.043,7.105427357601002e-15,153.765
3.09,179.733,110.223,73.876,-36.079,-0.0009999999999976694,153.831
3.1,179.731,110.23,73.859,-36.102,-7.105427357601002e-15,153.884
3.11,179.71,110.245,73.844,-36.111,-2.1316282072803006e-14,153.896
3.12,179.687,110.25,73.805,-36.133,0.0009999999999976694,153.914
3.13,179.683,110.253,73.807,-36.129,7.105427357601002e-15,153.904
3.14,179.678,110.254,73.811,-36.121,7.105427357601002e-15,153.881
3.15,179.672,110.259,73.832,-36.099,-7.105427357601002e-15,153.835
3.16,179.645,110.277,73.832,-36.09,-1.4210854715202004e-14,153.791
3.17,179.624,110.293,73.844,-36.073,-7.105427357601002e-15,153.743
3.18,179.59,110.32,73.836,-36.074,0.0,153.726
3.19,179.568,110.345,73.836,-36.076,-0.0010000000000118803,153.733
3.2,179.509,110.383,73.794,-36.097,-0.0009999999999834586,153.74
3.21,179.445,110.421,73.735,-36.131,0.0,153.764
3.22,179.361,110.473,73.679,-36.155,1.4210854715202004e-14,153.766
3.23,179.265,110.537,73.637,-36.164,-0.000999999999990564,153.743
3.24,179.179,110.596,73.565,-36.209,-0.0010000000000047748,153.786
3.25,179.099,110.642,73.482,-36.259,1.4210854715202004e-14,153.841
3.26,178.988,110.718,73.401,-36.305,-7.105427357601002e-15,153.886
3.27,178.849,110.815,73.313,-36.351,1.4210854715202004e-14,153.914
3.28,178.68,110.936,73.204,-36.412,-2.1316282072803006e-14,153.949
3.29,178.485,111.072,73.094,-36.463,-2.1316282072803006e-14,153.953
3.3,178.303,111.204,72.981,-36.526,7.105427357601002e-15,153.998
3.31,178.127,111.322,72.87,-36.579,-7.105427357601002e-15,154.03
3.32,177.96,111.435,72.735,-36.66,-1.4210854715202004e-14,154.115
3.33,177.777,111.561,72.628,-36.71,7.105427357601002e-15,154.142
3.34,177.647,111.653,72.517,-36.783,0.0,154.237
3.35,177.507,111.755,72.401,-36.861,-7.105427357601002e-15,154.326
3.36,177.292,111.897,72.251,-36.939,0.0009999999999976694,154.355
3.37,177.05,112.064,72.104,-37.01,-7.105427357601002e-15,154.349
3.38,176.749,112.265,71.959,-37.055,7.105427357601002e-15,154.258
3.39,176.389,112.498,71.743,-37.144,-2.1316282072803006e-14,154.181
3.4,176.014,112.738,71.566,-37.186,-7.105427357601002e-15,154.031
3.41,175.618,112.961,71.377,-37.202,0.0,153.926
3.42,175.274,112.946,71.383,-36.836,-0.0010000000000047748,153.919
3.43,174.991,112.913,71.373,-36.53,-0.0010000000000047748,154.01
3.44,174.726,112.847,71.346,-36.227,7.105427357601002e-15,154.194
3.45,174.472,112.787,71.317,-35.942,-2.1316282072803006e-14,154.389
3.46,174.205,112.751,71.297,-35.659,-2.1316282072803006e-14,154.54
3.47,173.909,112.715,71.279,-35.345,0.0,154.666
3.48,173.572,112.725,71.288,-35.009,0.0,154.662
3.49,173.198,112.756,71.31,-34.643,-0.0010000000000047748,154.585
3.5,172.883,112.791,71.328,-34.346,-7.105427357601002e-15,154.509
3.51,172.597,112.821,71.341,-34.077,-1.4210854715202004e-14,154.456
3.52,172.351,112.849,71.353,-33.848,0.000999999999990564,154.404
3.53,172.113,112.909,71.361,-33.661,0.0,154.357
3.54,171.861,112.94,71.379,-33.423,0.0010000000000189857,154.269
3.55,171.629,112.983,71.394,-33.217,-0.000999999999990564,154.187
3.56,171.407,112.981,71.416,-32.972,-7.105427357601002e-15,154.087
3.57,171.16,113.039,71.444,-32.755,7.105427357601002e-15,153.95
3.58,170.956,113.038,71.457,-32.538,0.0010000000000047748,153.892
3.59,170.732,113.092,71.49,-32.334,0.0,153.731
3.6,170.554,113.136,71.505,-32.185,0.0,153.662
3.61,170.452,113.181,71.526,-32.106,-0.0009999999999976694,153.593
3.62,170.392,113.184,71.526,-32.05,0.0,153.615
3.63,170.31,113.17,71.516,-31.963,-0.0009999999999976694,153.681
3.64,170.252,113.119,71.506,-31.864,-0.0010000000000083276,153.743
3.65,170.153,113.128,71.513,-31.768,1.4210854715202004e-14,153.715
3.66,170.057,113.105,71.516,-31.646,1.4210854715202004e-14,153.689
3.67,169.963,113.141,71.546,-31.558,7.105427357601002e-15,153.547
3.68,169.881,113.173,71.564,-31.49,-1.0658141036401503e-14,153.437
3.69,169.773,113.215,71.586,-31.402,0.0,153.325
3.7,169.685,113.232,71.596,-31.321,3.552713678800501e-15,153.287
3.71,169.621,113.208,71.591,-31.238,-1.4210854715202004e-14,153.322
3.72,169.555,113.177,71.583,-31.15,0.0009999999999834586,153.381
3.73,169.491,113.158,71.579,-31.07,-2.1316282072803006e-14,153.419
3.74,169.427,113.136,71.579,-30.984,7.105427357601002e-15,153.432
3.75,169.345,113.108,71.579,-30.874,-1.0658141036401503e-14,153.425
3.76,169.26,113.146,71.6,-30.806,3.552713678800501e-15,153.313
3.77,169.195,113.181,71.614,-30.763,0.001000000000015433,153.233
3.78,169.085,113.251,71.634,-30.702,-1.0658141036401503e-14,153.116
3.79,168.978,113.265,71.647,-30.597,0.0009999999999976694,153.055
3.8,168.861,113.29,71.669,-30.481,-0.0009999999999976694,152.973
3.81,168.777,113.278,71.668,-30.386,-0.0009999999999870113,153.002
3.82,168.72,113.267,71.668,-30.319,1.0658141036401503e-14,153.037
3.83,168.674,113.27,71.677,-30.267,3.552713678800501e-15,153.032
3.84,168.647,113.254,71.673,-30.228,7.105427357601002e-15,153.073
3.85,168.585,113.208,71.655,-30.138,-3.552713678800501e-15,153.149
3.86,168.567,113.227,71.654,-30.14,-1.4210854715202004e-14,153.131
3.87,168.528,113.278,71.672,-30.134,0.0,153.028
3.88,168.502,113.334,71.697,-30.14,0.000999999999990564,152.902
3.89,168.478,113.382,71.72,-30.141,0.0009999999999834586,152.794
3.9,168.465,113.36,71.716,-30.109,-7.105427357601002e-15,152.812
3.91,168.466,113.336,71.722,-30.081,0.0009999999999870113,152.797
3.92,168.474,113.311,71.71,-30.075,-3.552713678800501e-15,152.859
3.93,168.482,113.303,71.702,-30.083,0.0,152.9
3.94,168.492,113.306,71.699,-30.098,-0.000999999999990564,152.926
3.95,168.506,113.293,71.692,-30.108,0.0009999999999870113,152.97
3.96,168.51,113.317,71.691,-30.136,1.7763568394002505e-14,152.975
3.97,168.519,113.339,71.69,-30.168,-7.105427357601002e-15,152.975
3.98,168.532,113.334,71.68,-30.186,-7.105427357601002e-15,153.008
3.99,168.518,113.32,71.686,-30.152,1.4210854715202004e-14,152.98
4.0,168.517,113.341,71.698,-30.159,-0.0009999999999976694,152.924
4.01,168.518,113.355,71.697,-30.176,-3.552713678800501e-15,152.925
4.02,168.524,113.388,71.7,-30.212,-3.552713678800501e-15,152.908
4.03,168.532,113.378,71.693,-30.218,0.0009999999999870113,152.941
4.04,168.541,113.364,71.691,-30.214,0.0,152.963
4.05,168.562,113.367,71.677,-30.253,0.000999999999990564,153.021
4.06,168.584,113.361,71.669,-30.276,-1.0658141036401503e-14,153.061
4.07,168.613,113.324,71.657,-30.28,0.0,153.129
4.08,168.657,113.313,71.648,-30.322,-1.7763568394002505e-14,153.179
4.09,168.714,113.292,71.638,-30.367,-0.0009999999999941167,153.227
4.1,168.771,113.3,71.644,-30.428,0.0010000000000225384,153.211
4.11,168.85,113.296,71.643,-30.504,0.0010000000000012221,153.22
4.12,168.931,113.264,71.63,-30.565,-1.0658141036401503e-14,153.273
4.13,169.006,113.254,71.622,-30.638,-3.552713678800501e-15,153.303
4.14,169.083,113.26,71.614,-30.729,0.0,153.327
4.15,169.166,113.222,71.599,-30.788,-0.0009999999999870113,153.406
4.16,169.284,113.24,71.584,-30.941,0.001000000000015433,153.481
4.17,169.424,113.225,71.562,-31.086,-0.0010000000000047748,153.601
4.18,169.578,113.159,71.535,-31.203,0.0009999999999870113,153.743
4.19,169.719,113.103,71.513,-31.31,0.001000000000015433,153.86
4.2,169.879,113.087,71.493,-31.474,0.0010000000000012221,153.949
4.21,169.997,113.081,71.482,-31.597,0.0009999999999834586,153.986
4.22,170.106,113.089,71.48,-31.716,0.0010000000000118803,153.979
4.23,170.219,113.118,71.482,-31.854,-0.000999999999990564,153.954
4.24,170.337,113.181,71.484,-32.035,0.0010000000000047748,153.924
4.25,170.486,113.196,71.474,-32.208,1.4210854715202004e-14,153.971
4.26,170.648,113.21,71.462,-32.396,1.4210854715202004e-14,154.045
4.27,170.889,113.153,71.428,-32.614,-2.1316282072803006e-14,154.237
4.28,171.159,113.09,71.387,-32.863,0.0010000000000047748,154.474
4.29,171.424,113.054,71.346,-33.133,0.0009999999999976694,154.695
4.3,171.661,113.008,71.314,-33.355,-7.105427357601002e-15,154.874
4.31,171.839,113.006,71.314,-33.531,-7.105427357601002e-15,154.899
4.32,172.059,113.011,71.309,-33.761,7.105427357601002e-15,154.941
4.33,172.26,113.042,71.317,-33.984,-0.0009999999999976694,154.918
4.34,172.453,113.087,71.333,-34.207,-7.105427357601002e-15,154.848
4.35,172.652,113.127,71.339,-34.441,0.0010000000000189857,154.814
4.36,172.865,113.175,71.347,-34.693,-1.4210854715202004e-14,154.775
4.37,173.14,113.178,71.339,-34.98,0.0010000000000118803,154.821
4.38,173.402,113.144,71.34,-35.206,1.4210854715202004e-14,154.841
4.39,173.665,113.14,71.339,-35.465,-0.000999999999990564,154.847
4.4,173.919,113.129,71.34,-35.707,-0.0010000000000118803,154.844
4.41,174.164,113.146,71.354,-35.956,1.4210854715202004e-14,154.768
4.42,174.372,113.186,71.379,-36.179,-1.4210854715202004e-14,154.638
4.43,174.613,113.22,71.388,-36.445,7.105427357601002e-15,154.551
4.44,174.864,113.204,71.4,-36.668,7.105427357601002e-15,154.483
4.45,175.084,113.196,71.412,-36.867,-0.0009999999999976694,154.426
4.46,175.303,113.131,71.397,-37.036,-0.000999999999990564,154.483
4.47,175.467,113.023,71.391,-37.1,0.0009999999999976694,154.528
4.48,175.616,112.936,71.359,-37.192,-0.0010000000000260911,154.668
4.49,175.741,112.832,71.328,-37.246,0.0009999999999976694,154.812
4.5,175.849,112.822,71.339,-37.332,7.105427357601002e-15,154.824
4.51,176.0,112.712,71.37,-37.342,0.0,154.927
4.52,176.149,112.612,71.427,-37.334,1.4210854715202004e-14,154.973
4.53,176.365,112.472,71.567,-37.27,-7.105427357601002e-15,154.992
4.54,176.597,112.308,71.647,-37.257,-0.0010000000000118803,155.061
4.55,176.839,112.143,71.741,-37.241,0.0,155.129
4.56,177.075,111.983,71.878,-37.18,7.105427357601002e-15,155.136
4.57,177.346,111.81,72.028,-37.128,0.0,155.194
4.58,177.599,111.622,72.098,-37.123,7.105427357601002e-15,155.284
4.59,177.903,111.422,72.243,-37.082,7.105427357601002e-15,155.372
4.6,178.227,111.202,72.319,-37.11,0.0,155.563
4.61,178.542,110.986,72.433,-37.095,0.0,155.686
4.62,178.847,110.78,72.514,-37.113,-1.4210854715202004e-14,155.832
4.63,179.14,110.582,72.652,-37.07,2.1316282072803006e-14,155.889
4.64,179.413,110.403,72.774,-37.042,-1.4210854715202004e-14,155.939
4.65,179.621,110.258,72.936,-36.943,0.0,155.849
4.66,179.795,110.131,73.031,-36.895,2.1316282072803006e-14,155.793
4.67,179.925,110.04,73.132,-36.833,-1.4210854715202004e-14,155.697
4.68,180.039,109.962,73.237,-36.765,0.0010000000000047748,155.6
4.69,180.151,109.887,73.312,-36.727,0.0009999999999834586,155.563
4.7,180.237,109.826,73.369,-36.694,1.4210854715202004e-14,155.535
4.71,180.338,109.756,73.402,-36.692,7.105427357601002e-15,155.58
4.72,180.436,109.688,73.424,-36.701,0.0009999999999976694,155.653
4.73,180.512,109.636,73.432,-36.716,7.105427357601002e-15,155.725
4.74,180.564,109.6,73.42,-36.744,1.4210854715202004e-14,155.797
4.75,180.617,109.558,73.396,-36.779,7.105427357601002e-15,155.875
4.76,180.639,109.54,73.389,-36.79,-2.1316282072803006e-14,155.904
4.77,180.637,109.534,73.372,-36.799,-7.105427357601002e-15,155.912
4.78,180.629,109.535,73.381,-36.783,1.4210854715202004e-14,155.879
4.79,180.648,109.52,73.389,-36.779,7.105427357601002e-15,155.879
4.8,180.637,109.522,73.383,-36.776,-7.105427357601002e-15,155.863
4.81,180.606,109.539,73.364,-36.781,7.105427357601002e-15,155.85
4.82,180.618,109.531,73.342,-36.808,0.0009999999999976694,155.908
4.83,180.619,109.529,73.316,-36.832,7.105427357601002e-15,155.96
4.84,180.617,109.528,73.286,-36.859,7.105427357601002e-15,156.015
4.85,180.627,109.519,73.269,-36.877,-7.105427357601002e-15,156.055
4.86,180.648,109.504,73.265,-36.887,0.0,156.084
4.87,180.631,109.514,73.253,-36.892,7.105427357601002e-15,156.082
4.88,180.619,109.523,73.258,-36.884,0.0,156.055
4.89,180.587,109.543,73.235,-36.895,7.105427357601002e-15,156.053
4.9,180.556,109.564,73.248,-36.872,0.0,156.004
4.91,180.523,109.588,73.237,-36.874,7.105427357601002e-15,155.995
4.92,180.493,109.612,73.242,-36.863,1.4210854715202004e-14,155.983
4.93,180.472,109.616,73.191,-36.897,-7.105427357601002e-15,156.026
4.94,180.459,109.62,73.158,-36.921,-7.105427357601002e-15,156.074
4.95,180.45,109.621,73.128,-36.943,1.4210854715202004e-14,156.107
4.96,180.445,109.623,73.095,-36.973,0.0,156.155
4.97,180.397,109.653,73.065,-36.984,-0.0009999999999976694,156.146
4.98,180.335,109.691,73.042,-36.984,-7.105427357601002e-15,156.107
4.99,180.24,109.752,73.035,-36.956,-0.0010000000000047748,156.014
5.0,180.196,109.778,73.007,-36.968,0.0010000000000047748,156.008
5.01,180.131,109.818,72.966,-36.983,-7.105427357601002e-15,155.997
5.02,180.071,109.849,72.913,-37.008,0.0009999999999976694,156.004
5.03,180.016,109.887,72.887,-37.016,7.105427357601002e-15,156.012
5.04,179.966,109.909,72.79,-37.086,0.000999999999990564,156.104
5.05,179.915,109.943,72.715,-37.143,1.4210854715202004e-14,156.195
5.06,179.838,109.996,72.627,-37.207,7.105427357601002e-15,156.282
5.07,179.698,110.088,72.51,-37.277,0.0010000000000047748,156.345
5.08,179.539,110.197,72.394,-37.342,1.4210854715202004e-14,156.394
5.09,179.358,110.322,72.279,-37.401,-7.105427357601002e-15,156.425
5.1,179.189,110.436,72.137,-37.488,0.0,156.515
5.11,179.036,110.543,72.021,-37.558,-7.105427357601002e-15,156.585
5.12,178.876,110.66,71.898,-37.638,-7.105427357601002e-15,156.668
5.13,178.72,110.769,71.78,-37.709,0.0,156.743
5.14,178.551,110.887,71.649,-37.789,1.4210854715202004e-14,156.817
5.15,178.369,111.014,71.539,-37.844,7.105427357601002e-15,156.842
5.16,178.161,111.159,71.452,-37.868,-7.105427357601002e-15,156.808
5.17,177.918,111.325,71.316,-37.926,-0.0010000000000047748,156.78
5.18,177.627,111.516,71.115,-38.027,-0.0010000000000189857,156.798
5.19,177.419,111.661,70.971,-38.109,-7.105427357601002e-15,156.844
5.2,177.131,111.695,70.952,-37.873,-0.0009999999999976694,156.805
5.21,176.925,111.73,70.963,-37.692,-2.1316282072803006e-14,156.78
5.22,176.729,111.768,70.972,-37.525,-2.1316282072803006e-14,156.762
5.23,176.482,111.736,70.971,-37.247,0.0,156.781
5.24,176.239,111.725,70.969,-36.996,0.0009999999999976694,156.8
5.25,175.97,111.709,70.973,-36.706,0.0,156.784
5.26,175.656,111.696,70.984,-36.367,-0.0010000000000118803,156.741
5.27,175.304,111.653,70.997,-35.96,-7.105427357601002e-15,156.695
5.28,174.92,111.619,71.002,-35.537,7.105427357601002e-15,156.667
5.29,174.537,111.657,71.031,-35.163,0.0,156.541
5.3,174.116,111.657,71.046,-34.728,0.0009999999999976694,156.463
5.31,173.722,111.722,71.069,-34.375,0.0,156.342
5.32,173.358,111.743,71.08,-34.021,0.0,156.284
5.33,173.012,111.761,71.099,-33.674,7.105427357601002e-15,156.205
5.34,172.69,111.769,71.107,-33.352,-7.105427357601002e-15,156.17
5.35,172.385,111.769,71.118,-33.036,0.0,156.124
5.36,172.071,111.778,71.128,-32.721,-7.105427357601002e-15,156.076
5.37,171.79,111.809,71.145,-32.454,7.105427357601002e-15,155.981
5.38,171.506,111.881,71.175,-32.212,0.0,155.813
5.39,171.222,111.993,71.214,-32.002,0.0009999999999976694,155.591
5.4,170.986,112.086,71.251,-31.821,1.7763568394002505e-14,155.377
5.41,170.809,112.184,71.285,-31.708,0.0,155.198
5.42,170.738,112.227,71.302,-31.663,3.552713678800501e-15,155.129
5.43,170.698,112.228,71.294,-31.632,-3.552713678800501e-15,155.188
5.44,170.703,112.199,71.274,-31.628,0.0,155.312
5.45,170.661,112.184,71.261,-31.584,-3.552713678800501e-15,155.388
5.46,170.648,112.218,71.261,-31.605,-3.552713678800501e-15,155.384
5.47,170.582,112.261,71.277,-31.566,1.0658141036401503e-14,155.307
5.48,170.524,112.327,71.3,-31.551,-3.552713678800501e-15,155.196
5.49,170.453,112.387,71.326,-31.514,-1.0658141036401503e-14,155.055
5.5,170.392,112.39,71.337,-31.445,7.105427357601002e-15,154.998
5.51,170.335,112.391,71.341,-31.385,-1.7763568394002505e-14,154.972
5.52,170.288,112.396,71.347,-31.336,-0.0010000000000189857,154.947
5.53,170.27,112.397,71.342,-31.325,-1.7763568394002505e-14,154.974
5.54,170.238,112.405,71.346,-31.298,0.0010000000000012221,154.973
5.55,170.202,112.413,71.345,-31.27,3.552713678800501e-15,154.991
5.56,170.183,112.428,71.342,-31.269,7.105427357601002e-15,155.029
5.57,170.142,112.433,71.343,-31.232,0.0,155.042
5.58,170.076,112.416,71.349,-31.143,1.4210854715202004e-14,155.031
5.59,170.007,112.409,71.347,-31.07,0.0009999999999834586,155.055
5.6,169.954,112.393,71.342,-31.005,-1.0658141036401503e-14,155.083
5.61,169.898,112.418,71.354,-30.962,-3.552713678800501e-15,155.032
5.62,169.842,112.456,71.373,-30.926,0.0009999999999870113,154.956
5.63,169.79,112.466,71.377,-30.879,1.0658141036401503e-14,154.933
5.64,169.754,112.464,71.378,-30.841,0.0010000000000118803,154.935
5.65,169.727,112.466,71.377,-30.816,-3.552713678800501e-15,154.943
5.66,169.723,112.428,71.355,-30.796,-7.105427357601002e-15,155.041
5.67,169.735,112.43,71.352,-30.813,-1.7763568394002505e-14,155.064
5.68,169.756,112.422,71.344,-30.834,-3.552713678800501e-15,155.105
5.69,169.761,112.422,71.345,-30.838,7.105427357601002e-15,155.102
5.7,169.776,112.442,71.354,-30.864,-3.552713678800501e-15,155.058
5.71,169.811,112.462,71.363,-30.911,0.000999999999990564,155.013
5.72,169.875,112.456,71.36,-30.97,-0.0010000000000047748,155.016
5.73,169.945,112.441,71.357,-31.029,3.552713678800501e-15,155.033
5.74,170.021,112.406,71.339,-31.088,7.105427357601002e-15,155.107
5.75,170.09,112.373,71.325,-31.139,0.0009999999999941167,155.167
5.76,170.159,112.352,71.315,-31.195,-0.0009999999999976694,155.208
5.77,170.206,112.348,71.313,-31.24,-0.0009999999999870113,155.217
5.78,170.235,112.336,71.311,-31.259,-0.0010000000000047748,155.225
5.79,170.277,112.34,71.315,-31.303,0.0010000000000083276,155.212
5.8,170.317,112.316,71.308,-31.326,0.0009999999999976694,155.242
5.81,170.365,112.309,71.304,-31.37,-3.552713678800501e-15,155.258
5.82,170.384,112.298,71.303,-31.379,1.0658141036401503e-14,155.269
5.83,170.424,112.281,71.297,-31.409,0.0009999999999834586,155.305
5.84,170.475,112.249,71.278,-31.446,1.7763568394002505e-14,155.392
5.85,170.528,112.234,71.271,-31.491,1.4210854715202004e-14,155.44
5.86,170.594,112.21,71.255,-31.549,7.105427357601002e-15,155.519
5.87,170.665,112.196,71.246,-31.615,3.552713678800501e-15,155.564
5.88,170.731,112.209,71.237,-31.703,-3.552713678800501e-15,155.601
5.89,170.785,112.206,71.23,-31.761,3.552713678800501e-15,155.628
5.9,170.856,112.19,71.226,-31.82,7.105427357601002e-15,155.645
5.91,170.959,112.193,71.22,-31.932,-3.552713678800501e-15,155.668
5.92,171.077,112.188,71.21,-32.055,-7.105427357601002e-15,155.706
5.93,171.21,112.167,71.192,-32.185,-1.4210854715202004e-14,155.781
5.94,171.432,112.113,71.15,-32.394,-0.0009999999999834586,155.98
5.95,171.641,112.097,71.129,-32.608,-0.0009999999999834586,156.068
5.96,171.88,112.125,71.108,-32.897,7.105427357601002e-15,156.144
5.97,172.075,112.154,71.11,-33.119,1.4210854715202004e-14,156.106
5.98,172.248,112.135,71.108,-33.276,0.0010000000000118803,156.094
5.99,172.437,112.175,71.114,-33.497,-0.0010000000000047748,156.034
6.0,172.647,112.191,71.111,-33.728,0.0010000000000118803,156.027
6.01,172.881,112.202,71.102,-33.981,7.105427357601002e-15,156.038
6.02,173.134,112.226,71.097,-34.263,7.105427357601002e-15,156.051
6.03,173.429,112.25,71.076,-34.603,-7.105427357601002e-15,156.141
6.04,173.751,112.238,71.051,-34.938,0.0,156.261
6.05,174.103,112.206,71.014,-35.295,-1.4210854715202004e-14,156.443
6.06,174.403,112.153,70.982,-35.575,0.0010000000000047748,156.592
6.07,174.696,112.058,70.951,-35.803,-1.4210854715202004e-14,156.75
6.08,174.982,112.028,70.936,-36.074,0.0,156.817
6.09,175.194,112.028,70.94,-36.282,0.0,156.782
6.1,175.366,112.049,70.96,-36.455,-2.842170943040401e-14,156.657
6.11,175.557,112.097,70.986,-36.667,-0.0009999999999763531,156.498
6.12,175.698,112.128,71.01,-36.816,0.0,156.332
6.13,175.87,112.175,71.039,-37.006,0.0,156.155
6.14,176.037,112.203,71.059,-37.182,0.000999999999990564,156.021
6.15,176.224,112.192,71.062,-37.354,1.4210854715202004e-14,155.975
6.16,176.418,112.239,71.071,-37.586,-1.4210854715202004e-14,155.898
6.17,176.597,112.218,71.088,-37.727,-2.1316282072803006e-14,155.81
6.18,176.783,112.154,71.157,-37.78,1.4210854715202004e-14,155.758
6.19,176.941,112.043,71.277,-37.706,-0.0010000000000047748,155.704
6.2,177.115,111.92,71.381,-37.653,-0.0010000000000118803,155.697
6.21,177.272,111.809,71.439,-37.642,7.105427357601002e-15,155.739
6.22,177.423,111.704,71.519,-37.608,7.105427357601002e-15,155.749
6.23,177.549,111.615,71.611,-37.553,0.0,155.714
6.24,177.653,111.537,71.676,-37.515,0.0010000000000047748,155.684
6.25,177.756,111.461,71.75,-37.467,0.0,155.647
6.26,177.844,111.394,71.77,-37.467,-0.0010000000000047748,155.667
6.27,177.904,111.344,71.809,-37.439,7.105427357601002e-15,155.637
6.28,177.963,111.3,71.83,-37.433,7.105427357601002e-15,155.65
6.29,177.974,111.285,71.855,-37.404,2.1316282072803006e-14,155.61
6.3,178.016,111.257,71.855,-37.418,7.105427357601002e-15,155.664
6.31,178.006,111.26,71.787,-37.479,0.0,155.747
6.32,177.988,111.27,71.759,-37.5,0.0010000000000047748,155.773
6.33,177.972,111.282,71.737,-37.518,0.000999999999990564,155.801
6.34,177.936,111.306,71.788,-37.454,-7.105427357601002e-15,155.706
6.35,177.91,111.326,71.701,-37.535,0.0,155.818
6.36,177.888,111.342,71.7,-37.529,-0.0009999999999976694,155.815
6.37,177.825,111.387,71.682,-37.531,0.0010000000000118803,155.796
6.38,177.765,111.429,71.653,-37.541,1.4210854715202004e-14,155.786
6.39,177.694,111.481,71.669,-37.505,-0.0009999999999834586,155.712
6.4,177.613,111.536,71.628,-37.52,-0.0009999999999976694,155.701
6.41,177.568,111.567,71.578,-37.557,0.0,155.745
6.42,177.492,111.62,71.552,-37.56,1.4210854715202004e-14,155.727
6.43,177.444,111.653,71.516,-37.581,1.4210854715202004e-14,155.743
6.44,177.375,111.698,71.474,-37.599,7.105427357601002e-15,155.742
6.45,177.311,111.741,71.462,-37.59,0.0,155.706
6.46,177.271,111.775,71.461,-37.585,7.105427357601002e-15,155.692
6.47,177.211,111.808,71.428,-37.591,-2.1316282072803006e-14,155.664
6.48,177.16,111.843,71.415,-37.588,7.105427357601002e-15,155.641
6.49,177.104,111.881,71.399,-37.586,-1.4210854715202004e-14,155.618
6.5,177.069,111.905,71.373,-37.601,1.4210854715202004e-14,155.634
6.51,177.038,111.925,71.346,-37.617,-7.105427357601002e-15,155.645
6.52,177.015,111.943,71.328,-37.629,-0.0009999999999834586,155.662
6.53,176.996,111.956,71.324,-37.628,-1.4210854715202004e-14,155.652
6.54,176.963,111.98,71.313,-37.63,7.105427357601002e-15,155.642
6.55,176.933,112.002,71.292,-37.644,0.0010000000000118803,155.643
6.56,176.909,112.022,71.31,-37.621,7.105427357601002e-15,155.597
6.57,176.888,112.037,71.316,-37.609,-7.105427357601002e-15,155.564
6.58,176.87,112.051,71.324,-37.598,0.000999999999990564,155.533
6.59,176.853,112.065,71.302,-37.616,0.0,155.541
6.6,176.822,112.09,71.3,-37.611,-0.0010000000000118803,155.522
6.61,176.793,112.112,71.288,-37.616,-0.0010000000000047748,155.514
6.62,176.778,112.122,71.282,-37.618,7.105427357601002e-15,155.513
6.63,176.767,112.135,71.292,-37.61,0.0,155.506
6.64,176.761,112.139,71.29,-37.61,1.4210854715202004e-14,155.509
6.65,176.744,112.154,71.292,-37.606,7.105427357601002e-15,155.504
6.66,176.735,112.161,71.285,-37.612,0.0009999999999834586,155.51
6.67,176.72,112.172,71.284,-37.608,7.105427357601002e-15,155.496
6.68,176.686,112.195,71.271,-37.61,0.0,155.476
6.69,176.652,112.219,71.271,-37.6,2.1316282072803006e-14,155.439
6.7,176.632,112.235,71.274,-37.593,0.0,155.411
6.71,176.596,112.261,71.269,-37.588,7.105427357601002e-15,155.382
6.72,176.575,112.28,71.281,-37.575,0.0010000000000189857,155.358
6.73,176.548,112.299,71.284,-37.563,0.0,155.335
6.74,176.518,112.314,71.241,-37.59,-0.000999999999990564,155.36
6.75,176.501,112.323,71.198,-37.626,-7.105427357601002e-15,155.408
6.76,176.471,112.343,71.191,-37.622,-0.0010000000000047748,155.393
6.77,176.447,112.348,71.189,-37.605,-0.0010000000000118803,155.391
6.78,176.42,112.343,71.188,-37.576,0.0010000000000118803,155.396
6.79,176.371,112.353,71.195,-37.529,-7.105427357601002e-15,155.361
6.8,176.326,112.353,71.199,-37.48,7.105427357601002e-15,155.338
6.81,176.302,112.366,71.204,-37.464,0.0,155.309
6.82,176.251,112.376,71.219,-37.408,-1.4210854715202004e-14,155.237
6.83,176.208,112.387,71.226,-37.369,0.0,155.187
6.84,176.156,112.376,71.235,-37.297,-1.4210854715202004e-14,155.143
6.85,176.136,112.383,71.242,-37.278,0.0010000000000118803,155.107
6.86,176.105,112.391,71.251,-37.246,0.0010000000000118803,155.069
6.87,176.062,112.379,71.252,-37.189,-2.1316282072803006e-14,155.069
6.88,176.025,112.351,71.238,-37.139,0.0009999999999976694,155.145
6.89,175.962,112.382,71.248,-37.095,-0.000999999999990564,155.119
6.9,175.876,112.385,71.248,-37.013,-7.105427357601002e-15,155.136
6.91,175.82,112.385,71.232,-36.972,-0.0009999999999976694,155.206
6.92,175.738,112.401,71.242,-36.897,7.105427357601002e-15,155.181
6.93,175.664,112.4,71.245,-36.819,1.4210854715202004e-14,155.173
6.94,175.588,112.426,71.256,-36.758,7.105427357601002e-15,155.126
6.95,175.515,112.447,71.263,-36.699,1.4210854715202004e-14,155.086
6.96,175.448,112.477,71.271,-36.654,-7.105427357601002e-15,155.047
6.97,175.354,112.503,71.283,-36.574,-1.4210854715202004e-14,154.988
6.98,175.294,112.526,71.294,-36.525,-0.0010000000000118803,154.945
6.99,175.233,112.548,71.301,-36.481,0.0009999999999976694,154.924
7.0,175.153,112.556,71.302,-36.406,-0.0009999999999834586,154.922
7.01,175.088,112.564,71.305,-36.347,2.1316282072803006e-14,154.92
7.02,175.074,112.534,71.29,-36.318,-1.4210854715202004e-14,154.997
7.03,175.062,112.524,71.285,-36.301,-1.4210854715202004e-14,155.032
7.04,175.098,112.519,71.28,-36.337,-1.4210854715202004e-14,155.07
7.05,175.11,112.521,71.282,-36.349,-2.1316282072803006e-14,155.065
7.06,175.097,112.539,71.294,-36.342,-1.4210854715202004e-14,154.999
7.07,175.072,112.562,71.306,-36.328,0.0,154.921
7.08,175.074,112.59,71.315,-36.349,-2.1316282072803006e-14,154.859
7.09,175.072,112.59,71.316,-36.346,-7.105427357601002e-15,154.833
7.1,175.107,112.601,71.32,-36.388,-7.105427357601002e-15,154.809
7.11,175.141,112.568,71.303,-36.406,7.105427357601002e-15,154.878
7.12,175.152,112.56,71.302,-36.411,0.0010000000000189857,154.896
7.13,175.178,112.555,71.295,-36.438,0.0,154.932
7.14,175.179,112.566,71.294,-36.45,-0.0010000000000047748,154.939
7.15,175.188,112.565,71.289,-36.463,-0.0009999999999834586,154.963
7.16,175.2,112.561,71.28,-36.481,7.105427357601002e-15,154.993
7.17,175.184,112.593,71.292,-36.485,0.0,154.93
7.18,175.149,112.6,71.292,-36.457,7.105427357601002e-15,154.899
7.19,175.116,112.633,71.303,-36.446,-1.4210854715202004e-14,154.827
7.2,175.093,112.693,71.325,-36.461,1.4210854715202004e-14,154.712
7.21,175.079,112.716,71.332,-36.463,-7.105427357601002e-15,154.663
7.22,175.098,112.73,71.331,-36.497,-1.4210854715202004e-14,154.652
7.23,175.139,112.745,71.332,-36.552,-2.1316282072803006e-14,154.643
7.24,175.177,112.733,71.316,-36.594,7.105427357601002e-15,154.703
7.25,175.204,112.739,71.311,-36.632,-7.105427357601002e-15,154.724
7.26,175.236,112.731,71.299,-36.668,2.1316282072803006e-14,154.765
7.27,175.263,112.754,71.301,-36.716,-7.105427357601002e-15,154.745
7.28,175.289,112.79,71.308,-36.771,1.4210854715202004e-14,154.699
7.29,175.278,112.822,71.314,-36.787,0.0009999999999976694,154.65
7.3,175.301,112.836,71.311,-36.825,-0.0009999999999763531,154.639
7.31,175.338,112.86,71.31,-36.887,-0.000999999999990564,154.623
7.32,175.381,112.897,71.318,-36.96,-7.105427357601002e-15,154.58
7.33,175.404,112.913,71.317,-37.0,0.0,154.565
7.34,175.396,112.931,71.317,-37.01,7.105427357601002e-15,154.545
